id;numero;data_hora;data_hora_devolucao;obs
1;mindshare panel Saudi Riyal;2021-01-28T09:39:00;2021-01-28T11:41:44;Gloves
2;Light Small Metal Chips;2021-01-28T06:52:40;2021-01-28T08:07:19;deposit navigate Practical Cotton Towels
3;Forges;2021-01-28T13:03:31;2021-01-29T04:11:03;bypass bypass
4;Tactics COM parse;2021-01-28T10:38:07;2021-01-28T16:18:27;Palladium Intelligent Wooden Keyboard
5;Digitized;2021-01-28T21:47:40;2021-01-29T02:00:16;bus backing up
6;programming;2021-01-28T22:39:19;2021-01-28T17:35:47;turquoise
7;Functionality;2021-01-28T12:52:10;2021-01-28T08:07:42;Bolivar Fuerte Kids
8;Buckinghamshire Idaho Chips;2021-01-28T14:16:59;2021-01-28T22:06:55;Intranet Buckinghamshire
9;fuchsia;2021-01-29T00:34:58;2021-01-29T04:17:47;Liaison methodical Gorgeous
10;Home;2021-01-28T15:36:36;2021-01-28T19:39:46;Solutions Lead Implementation
